{
  "project_info": {
    "project_number": "684531791108",
    "project_id": "streamefy-e6394",
    "storage_bucket": "streamefy-e6394.appspot.com"
  },
  "client": [
    {
      "client_info": {
        "mobilesdk_app_id": "1:684531791108:android:3d37e402f69ee3b4108c51",
        "android_client_info": {
          "package_name": "com.streamefy"
        }
      },
      "oauth_client": [],
      "api_key": [
        {
          "current_key": "AIzaSyCIMUYKQWWSd6pJNE6ObkRGA4dzX06HJ6w"
        }
      ],
      "services": {
        "appinvite_service": {
          "other_platform_oauth_client": []
        }
      }
    },
    {
      "client_info": {
        "mobilesdk_app_id": "1:684531791108:android:YOUR_CUPCAKE_APP_ID",
        "android_client_info": {
          "package_name": "com.streamefy.cupcake"
        }
      },
      "oauth_client": [],
      "api_key": [
        {
          "current_key": "AIzaSyCIMUYKQWWSd6pJNE6ObkRGA4dzX06HJ6w"
        }
      ],
      "services": {
        "appinvite_service": {
          "other_platform_oauth_client": []
        }
      }
    }
  ],
  "configuration_version": "1"
}



